INSERT INTO `baseball`.`team` (`name`, `is_playing`) VALUES ('Samsung Lions', '0');
INSERT INTO `baseball`.`team` (`name`, `is_playing`) VALUES ('KIA Tigers', '1');
INSERT INTO `baseball`.`team` (`name`, `is_playing`) VALUES ('NC Dinos', '0');
INSERT INTO `baseball`.`team` (`name`, `is_playing`) VALUES ('Hanwha Eagles', '0');
INSERT INTO `baseball`.`team` (`name`, `is_playing`) VALUES ('Lotte Giants', '1');
INSERT INTO `baseball`.`team` (`name`, `is_playing`) VALUES ('Doosan Bears', '0');
INSERT INTO `baseball`.`team` (`name`, `is_playing`) VALUES ('SSG Landers', '0');
INSERT INTO `baseball`.`team` (`name`, `is_playing`) VALUES ('LG Twins', '0');

INSERT INTO `baseball`.`player` (`id`, `number`, `name`, `pa`, `hit`, `out`, `average`, `team_name`) VALUES ('1', '1', '강민호', '0', '0', '0', '0.0', 'Samsung Lions');
INSERT INTO `baseball`.`player` (`id`, `number`, `name`, `pa`, `hit`, `out`, `average`, `team_name`) VALUES ('2', '2', '강한울', '0', '0', '0', '0.0', 'Samsung Lions');
INSERT INTO `baseball`.`player` (`id`, `number`, `name`, `pa`, `hit`, `out`, `average`, `team_name`) VALUES ('3', '3', '구자욱', '0', '0', '0', '0.0', 'Samsung Lions');
INSERT INTO `baseball`.`player` (`id`, `number`, `name`, `pa`, `hit`, `out`, `average`, `team_name`) VALUES ('4', '4', '김상수', '0', '0', '0', '0.0', 'Samsung Lions');
INSERT INTO `baseball`.`player` (`id`, `number`, `name`, `pa`, `hit`, `out`, `average`, `team_name`) VALUES ('5', '5', '김성윤', '0', '0', '0', '0.0', 'Samsung Lions');
INSERT INTO `baseball`.`player` (`id`, `number`, `name`, `pa`, `hit`, `out`, `average`, `team_name`) VALUES ('6', '6', '김현곤', '0', '0', '0', '0.0', 'Samsung Lions');
INSERT INTO `baseball`.`player` (`id`, `number`, `name`, `pa`, `hit`, `out`, `average`, `team_name`) VALUES ('7', '7', '박해민', '0', '0', '0', '0.0', 'Samsung Lions');
INSERT INTO `baseball`.`player` (`id`, `number`, `name`, `pa`, `hit`, `out`, `average`, `team_name`) VALUES ('8', '8', '라이블리', '0', '0', '0', '0.0', 'Samsung Lions');
INSERT INTO `baseball`.`player` (`id`, `number`, `name`, `pa`, `hit`, `out`, `average`, `team_name`) VALUES ('9', '9', '오승환', '0', '0', '0', '0.0', 'Samsung Lions');
INSERT INTO `baseball`.`player` (`id`, `number`, `name`, `pa`, `hit`, `out`, `average`, `team_name`) VALUES ('10', '1', '고영창', '0', '0', '0', '0.0', 'KIA Tigers');
INSERT INTO `baseball`.`player` (`id`, `number`, `name`, `pa`, `hit`, `out`, `average`, `team_name`) VALUES ('11', '2', '권혁경', '0', '0', '0', '0.0', 'KIA Tigers');
INSERT INTO `baseball`.`player` (`id`, `number`, `name`, `pa`, `hit`, `out`, `average`, `team_name`) VALUES ('12', '3', '김규성', '0', '0', '0', '0.0', 'KIA Tigers');
INSERT INTO `baseball`.`player` (`id`, `number`, `name`, `pa`, `hit`, `out`, `average`, `team_name`) VALUES ('13', '4', '김원경', '0', '0', '0', '0.0', 'KIA Tigers');
INSERT INTO `baseball`.`player` (`id`, `number`, `name`, `pa`, `hit`, `out`, `average`, `team_name`) VALUES ('14', '5', '나주환', '0', '0', '0', '0.0', 'KIA Tigers');
INSERT INTO `baseball`.`player` (`id`, `number`, `name`, `pa`, `hit`, `out`, `average`, `team_name`) VALUES ('15', '6', '박건우', '0', '0', '0', '0.0', 'KIA Tigers');
INSERT INTO `baseball`.`player` (`id`, `number`, `name`, `pa`, `hit`, `out`, `average`, `team_name`) VALUES ('16', '7', '박찬호', '0', '0', '0', '0.0', 'KIA Tigers');
INSERT INTO `baseball`.`player` (`id`, `number`, `name`, `pa`, `hit`, `out`, `average`, `team_name`) VALUES ('17', '8', '브룩스', '0', '0', '0', '0.0', 'KIA Tigers');
INSERT INTO `baseball`.`player` (`id`, `number`, `name`, `pa`, `hit`, `out`, `average`, `team_name`) VALUES ('18', '9', '양승철', '0', '0', '0', '0.0', 'KIA Tigers');

INSERT INTO `baseball`.`game` (`id`, `home_score`, `away_score`, `is_end`, `home_name`, `away_name`) VALUES ('1', '0', '0', '0', 'Samsung Lions', 'KIA Tigers');
INSERT INTO `baseball`.`game` (`id`, `home_score`, `away_score`, `is_end`, `home_name`, `away_name`) VALUES ('2', '0', '0', '0', 'NC Dinos', 'Hanwha Eagles');
INSERT INTO `baseball`.`game` (`id`, `home_score`, `away_score`, `is_end`, `home_name`, `away_name`) VALUES ('3', '0', '0', '0', 'Lotte Giants', 'Doosan Bears');
INSERT INTO `baseball`.`game` (`id`, `home_score`, `away_score`, `is_end`, `home_name`, `away_name`) VALUES ('4', '0', '0', '0', 'SSG Landers', 'LG Twins');
